install_path	category	name	description
ai-agents/agentic-rag-architect	ai-agents	agentic-rag-architect	Use when the user asks to build, optimize, or design a Retrieval-Augmented Generation (RAG) system, especially with agentic capabilities like self-reflection, query routing, or GraphRAG. Triggers on keywords RAG, GraphRAG, vector database, agentic RAG, semantic search.
ai-agents/ai-agent-builder	ai-agents	ai-agent-builder	Use when designing an agent architecture, building a system where an LLM autonomously executes multi-step tasks, implementing tool calling or function calling, orchestrating multiple specialized subagents, or creating evaluation pipelines for AI outputs. Also use for agentic data engineering pipelines, code generation agents, agent-powered CLI tools, MCP server development, or any system where an AI model calls tools, makes decisions, or loops.
ai-agents/auto-memory-pro	ai-agents	auto-memory-pro	Curate Claude Code's auto-memory into durable project knowledge. Analyze MEMORY.md for patterns, promote proven learnings to CLAUDE.md and .claude/rules/, extract recurring solutions into reusable skills. Use when: (1) reviewing what Claude has learned about your project, (2) graduating a pattern from notes to enforced rules, (3) turning a debugging solution into a skill, (4) checking memory health and capacity.
ai-agents/auto-memory-pro/skills/extract	ai-agents	extract	Turn a proven pattern or debugging solution into a standalone reusable skill with SKILL.md, reference docs, and examples.
ai-agents/auto-memory-pro/skills/promote	ai-agents	promote	Graduate a proven pattern from auto-memory (MEMORY.md) to CLAUDE.md or .claude/rules/ for permanent enforcement.
ai-agents/auto-memory-pro/skills/remember	ai-agents	remember	Explicitly save important knowledge to auto-memory with timestamp and context. Use when a discovery is too important to rely on auto-capture.
ai-agents/auto-memory-pro/skills/review	ai-agents	review	Analyze auto-memory for promotion candidates, stale entries, consolidation opportunities, and health metrics.
ai-agents/auto-memory-pro/skills/status	ai-agents	status	Memory health dashboard showing line counts, topic files, capacity, stale entries, and recommendations.
ai-agents/autoresearch-agent	ai-agents	autoresearch-agent	Autonomous experiment loop that optimizes any file by a measurable metric. Inspired by Karpathy's autoresearch. The agent edits a target file, runs a fixed evaluation, keeps improvements (git commit), discards failures (git reset), and loops indefinitely. Use when: user wants to optimize code speed, reduce bundle/image size, improve test pass rate, optimize prompts, improve content quality (headlines, copy, CTR), or run any measurable improvement loop. Requires: a target file, an evaluation command that outputs a metric, and a git repo.
ai-agents/autoresearch-agent/skills/loop	ai-agents	loop	Start an autonomous experiment loop with user-selected interval (10min, 1h, daily, weekly, monthly). Uses CronCreate for scheduling.
ai-agents/autoresearch-agent/skills/resume	ai-agents	resume	Resume a paused experiment. Checkout the experiment branch, read results history, continue iterating.
ai-agents/autoresearch-agent/skills/run	ai-agents	run	Run a single experiment iteration. Edit the target file, evaluate, keep or discard.
ai-agents/autoresearch-agent/skills/setup	ai-agents	setup	Set up a new autoresearch experiment interactively. Collects domain, target file, eval command, metric, direction, and evaluator.
ai-agents/autoresearch-agent/skills/status	ai-agents	status	Show experiment dashboard with results, active loops, and progress.
ai-agents/bdi-mental-states	ai-agents	bdi-mental-states	This skill should be used when the user asks to "model agent mental states", "implement BDI architecture", "create belief-desire-intention models", "transform RDF to beliefs", "build cognitive agent", or mentions BDI ontology, mental state modeling, rational agency, or neuro-symbolic AI integration.
ai-agents/bmm-skills	ai-agents	bmm-skills	BMad Method (BMM) — AI-driven agile development framework. Top-level router for the full BMad workflow, organized in 4 phases (Analysis → Planning → Solutioning → Implementation) with 30 sub-skills and 6 named agents (Mary the analyst, Paige the tech writer, John the PM, Sally the UX designer, Winston the architect, Amelia the developer). Use when the user mentions BMad, BMM, BMad Method, "talk to Mary/Paige/John/Sally/Winston/Amelia", PRDs, PRFAQs, product briefs, market/domain/technical research, UX design specs, architecture, epics and stories, sprint planning/status, story implementation, code review, retrospectives, or any phase-tagged ask like "lets create a PRD", "implement the next story", "run a retrospective", "document this project". Loads no workflow content directly — routes to the right sub-skill folder.
ai-agents/bmm-skills/1-analysis/bmad-agent-analyst	ai-agents	bmad-agent-analyst	Strategic business analyst and requirements expert. Use when the user asks to talk to Mary or requests the business analyst.
ai-agents/bmm-skills/1-analysis/bmad-agent-tech-writer	ai-agents	bmad-agent-tech-writer	Technical documentation specialist and knowledge curator. Use when the user asks to talk to Paige or requests the tech writer.
ai-agents/bmm-skills/1-analysis/bmad-document-project	ai-agents	bmad-document-project	Document brownfield projects for AI context. Use when the user says "document this project" or "generate project docs"
ai-agents/bmm-skills/1-analysis/bmad-prfaq	ai-agents	bmad-prfaq	Working Backwards PRFAQ challenge to forge product concepts. Use when the user requests to 'create a PRFAQ', 'work backwards', or 'run the PRFAQ challenge'.
ai-agents/bmm-skills/1-analysis/bmad-product-brief	ai-agents	bmad-product-brief	Create or update product briefs through guided or autonomous discovery. Use when the user requests to create or update a Product Brief.
ai-agents/bmm-skills/1-analysis/research/bmad-domain-research	ai-agents	bmad-domain-research	Conduct domain and industry research. Use when the user says wants to do domain research for a topic or industry
ai-agents/bmm-skills/1-analysis/research/bmad-market-research	ai-agents	bmad-market-research	Conduct market research on competition and customers. Use when the user says they need market research
ai-agents/bmm-skills/1-analysis/research/bmad-technical-research	ai-agents	bmad-technical-research	Conduct technical research on technologies and architecture. Use when the user says they would like to do or produce a technical research report
ai-agents/bmm-skills/2-plan-workflows/bmad-agent-pm	ai-agents	bmad-agent-pm	Product manager for PRD creation and requirements discovery. Use when the user asks to talk to John or requests the product manager.
ai-agents/bmm-skills/2-plan-workflows/bmad-agent-ux-designer	ai-agents	bmad-agent-ux-designer	UX designer and UI specialist. Use when the user asks to talk to Sally or requests the UX designer.
ai-agents/bmm-skills/2-plan-workflows/bmad-create-prd	ai-agents	bmad-create-prd	Create a PRD from scratch. Use when the user says "lets create a product requirements document" or "I want to create a new PRD"
ai-agents/bmm-skills/2-plan-workflows/bmad-create-ux-design	ai-agents	bmad-create-ux-design	Plan UX patterns and design specifications. Use when the user says "lets create UX design" or "create UX specifications" or "help me plan the UX"
ai-agents/bmm-skills/2-plan-workflows/bmad-edit-prd	ai-agents	bmad-edit-prd	Edit an existing PRD. Use when the user says "edit this PRD".
ai-agents/bmm-skills/2-plan-workflows/bmad-validate-prd	ai-agents	bmad-validate-prd	Validate a PRD against standards. Use when the user says "validate this PRD" or "run PRD validation"
ai-agents/bmm-skills/3-solutioning/bmad-agent-architect	ai-agents	bmad-agent-architect	System architect and technical design leader. Use when the user asks to talk to Winston or requests the architect.
ai-agents/bmm-skills/3-solutioning/bmad-check-implementation-readiness	ai-agents	bmad-check-implementation-readiness	Validate PRD, UX, Architecture and Epics specs are complete. Use when the user says "check implementation readiness".
ai-agents/bmm-skills/3-solutioning/bmad-create-architecture	ai-agents	bmad-create-architecture	Create architecture solution design decisions for AI agent consistency. Use when the user says "lets create architecture" or "create technical architecture" or "create a solution design"
ai-agents/bmm-skills/3-solutioning/bmad-create-epics-and-stories	ai-agents	bmad-create-epics-and-stories	Break requirements into epics and user stories. Use when the user says "create the epics and stories list"
ai-agents/bmm-skills/3-solutioning/bmad-generate-project-context	ai-agents	bmad-generate-project-context	Create project-context.md with AI rules. Use when the user says "generate project context" or "create project context"
ai-agents/bmm-skills/4-implementation/bmad-agent-dev	ai-agents	bmad-agent-dev	Senior software engineer for story execution and code implementation. Use when the user asks to talk to Amelia or requests the developer agent.
ai-agents/bmm-skills/4-implementation/bmad-checkpoint-preview	ai-agents	bmad-checkpoint-preview	LLM-assisted human-in-the-loop review. Make sense of a change, focus attention where it matters, test. Use when the user says "checkpoint", "human review", or "walk me through this change".
ai-agents/bmm-skills/4-implementation/bmad-code-review	ai-agents	bmad-code-review	Review code changes adversarially using parallel review layers (Blind Hunter, Edge Case Hunter, Acceptance Auditor) with structured triage into actionable categories. Use when the user says "run code review" or "review this code"
ai-agents/bmm-skills/4-implementation/bmad-correct-course	ai-agents	bmad-correct-course	Manage significant changes during sprint execution. Use when the user says "correct course" or "propose sprint change"
ai-agents/bmm-skills/4-implementation/bmad-create-story	ai-agents	bmad-create-story	Creates a dedicated story file with all the context the agent will need to implement it later. Use when the user says "create the next story" or "create story [story identifier]"
ai-agents/bmm-skills/4-implementation/bmad-dev-story	ai-agents	bmad-dev-story	Execute story implementation following a context filled story spec file. Use when the user says "dev this story [story file]" or "implement the next story in the sprint plan"
ai-agents/bmm-skills/4-implementation/bmad-qa-generate-e2e-tests	ai-agents	bmad-qa-generate-e2e-tests	Generate end to end automated tests for existing features. Use when the user says "create qa automated tests for [feature]"
ai-agents/bmm-skills/4-implementation/bmad-quick-dev	ai-agents	bmad-quick-dev	Implements any user intent, requirement, story, bug fix or change request by producing clean working code artifacts that follow the project''s existing architecture, patterns and conventions. Use when the user wants to build, fix, tweak, refactor, add or modify any code, component or feature.
ai-agents/bmm-skills/4-implementation/bmad-retrospective	ai-agents	bmad-retrospective	Post-epic review to extract lessons and assess success. Use when the user says "run a retrospective" or "lets retro the epic [epic]"
ai-agents/bmm-skills/4-implementation/bmad-sprint-planning	ai-agents	bmad-sprint-planning	Generate sprint status tracking from epics. Use when the user says "run sprint planning" or "generate sprint plan"
ai-agents/bmm-skills/4-implementation/bmad-sprint-status	ai-agents	bmad-sprint-status	Summarize sprint status and surface risks. Use when the user says "check sprint status" or "show sprint status"
ai-agents/create-agent-tui	ai-agents	create-agent-tui	Scaffolds a complete agent TUI in TypeScript using @openrouter/agent — like create-react-app for terminal agents. Generates a customizable terminal interface with three input styles, four tool display modes, ASCII banners, streaming output, session persistence, and configurable tools. Use when building an agent, creating a TUI, scaffolding an agent project, or building a coding assistant.
ai-agents/create-headless-agent	ai-agents	create-headless-agent	Scaffolds a headless agent in TypeScript using @openrouter/agent and Bun — for CLI tools, API servers, queue workers, and pipelines. No terminal UI. Use when building a headless agent, programmatic agent, CLI tool that uses AI, batch agent, pipeline agent, API agent, agent without a UI, or agent service.
ai-agents/hosted-agents	ai-agents	hosted-agents	This skill should be used when the user asks to "build background agent", "create hosted coding agent", "set up sandboxed execution", "implement multiplayer agent", or mentions background agents, sandboxed VMs, agent infrastructure, Modal sandboxes, self-spawning agents, or remote coding environments.
ai-agents/latent-briefing	ai-agents	latent-briefing	This skill should be used when the user asks to "share memory between agents", "KV cache compaction for multi-agent", "orchestrator worker context", "latent briefing", "reduce worker tokens", "cross-agent memory without summarization", or discusses Attention Matching compaction, recursive language models with workers, or token explosion in hierarchical agents.
ai-agents/mcp-server-builder	ai-agents	mcp-server-builder	Build production-grade MCP (Model Context Protocol) servers from API contracts. Use when the user wants to expose a REST API to an LLM agent as MCP tools, scaffold a Python or TypeScript MCP server from OpenAPI, validate MCP tool manifests, or replace brittle browser automation with typed tools.
ai-agents/multi-agent-patterns	ai-agents	multi-agent-patterns	This skill should be used when the user asks to "design multi-agent system", "implement supervisor pattern", "create swarm architecture", "coordinate multiple agents", or mentions multi-agent patterns, context isolation, agent handoffs, sub-agents, or parallel agent execution.
ai-agents/senior-prompt-engineer	ai-agents	senior-prompt-engineer	This skill should be used when the user asks to "optimize prompts", "design prompt templates", "evaluate LLM outputs", "A/B test prompts", "version prompts", "build agentic systems", "implement RAG", "create few-shot examples", "analyze token usage", or "design AI workflows". Covers prompt engineering patterns, A/B prompt testing with regression workflows, prompt versioning and governance, LLM evaluation frameworks, agent architectures, and structured output design.
ai-agents/tool-design	ai-agents	tool-design	This skill should be used when the user asks to "design agent tools", "create tool descriptions", "reduce tool complexity", "implement MCP tools", or mentions tool consolidation, architectural reduction, tool naming conventions, or agent-tool interfaces.
business-and-strategy/board-deck-builder	business-and-strategy	board-deck-builder	Assembles comprehensive board and investor update decks by pulling perspectives from all C-suite roles. Use when preparing board meetings, investor updates, quarterly business reviews, or fundraising narratives. Covers structure, narrative framework, bad news delivery, and common mistakes.
business-and-strategy/board-meeting	business-and-strategy	board-meeting	Multi-agent board meeting protocol for strategic decisions. Runs a structured 6-phase deliberation: context loading, independent C-suite contributions (isolated, no cross-pollination), critic analysis, synthesis, founder review, and decision extraction. Use when the user invokes /cs:board, calls a board meeting, or wants structured multi-perspective executive deliberation on a strategic question.
business-and-strategy/c-level-advisor	business-and-strategy	c-level-advisor	Provides strategic business advice by channelling the perspectives of 10 executive roles — CEO, CTO, COO, CPO, CMO, CFO, CRO, CISO, CHRO, and Executive Mentor — across decisions, trade-offs, and org challenges. Runs multi-role board meetings, routes questions to the right executive voice, and delivers structured recommendations (Bottom Line → What → Why → How to Act → Your Decision). Use when a founder or executive needs business strategy advice, leadership perspective, executive decision support, board-level input, fundraising guidance, product-market fit review, hiring or culture frameworks, risk assessment, or competitive analysis.
business-and-strategy/c-level-advisor/agent-protocol	business-and-strategy	agent-protocol	Inter-agent communication protocol for C-suite agent teams. Defines invocation syntax, loop prevention, isolation rules, and response formats. Use when C-suite agents need to query each other, coordinate cross-functional analysis, or run board meetings with multiple agent roles.
business-and-strategy/c-level-advisor/board-deck-builder	business-and-strategy	board-deck-builder	Assembles comprehensive board and investor update decks by pulling perspectives from all C-suite roles. Use when preparing board meetings, investor updates, quarterly business reviews, or fundraising narratives. Covers structure, narrative framework, bad news delivery, and common mistakes.
business-and-strategy/c-level-advisor/board-meeting	business-and-strategy	board-meeting	Multi-agent board meeting protocol for strategic decisions. Runs a structured 6-phase deliberation: context loading, independent C-suite contributions (isolated, no cross-pollination), critic analysis, synthesis, founder review, and decision extraction. Use when the user invokes /cs:board, calls a board meeting, or wants structured multi-perspective executive deliberation on a strategic question.
business-and-strategy/c-level-advisor/ceo-advisor	business-and-strategy	ceo-advisor	Executive leadership guidance for strategic decision-making, organizational development, and stakeholder management. Use when planning strategy, preparing board presentations, managing investors, developing organizational culture, making executive decisions, fundraising, or when user mentions CEO, strategic planning, board meetings, investor updates, organizational leadership, or executive strategy.
business-and-strategy/c-level-advisor/cfo-advisor	business-and-strategy	cfo-advisor	Financial leadership for startups and scaling companies. Financial modeling, unit economics, fundraising strategy, cash management, and board financial packages. Use when building financial models, analyzing unit economics, planning fundraising, managing cash runway, preparing board materials, or when user mentions CFO, burn rate, runway, fundraising, unit economics, LTV, CAC, term sheets, or financial strategy.
business-and-strategy/c-level-advisor/change-management	business-and-strategy	change-management	Framework for rolling out organizational changes without chaos. Covers the ADKAR model adapted for startups, communication templates, resistance patterns, and change fatigue management. Handles process changes, org restructures, strategy pivots, and culture changes. Use when announcing a reorg, switching tools, pivoting strategy, killing a product, changing leadership, or when user mentions change management, change rollout, managing resistance, org change, reorg, or pivot communication.
business-and-strategy/c-level-advisor/chief-of-staff	business-and-strategy	chief-of-staff	C-suite orchestration layer. Routes founder questions to the right advisor role(s), triggers multi-role board meetings for complex decisions, synthesizes outputs, and tracks decisions. Every C-suite interaction starts here. Loads company context automatically.
business-and-strategy/c-level-advisor/chro-advisor	business-and-strategy	chro-advisor	People leadership for scaling companies. Hiring strategy, compensation design, org structure, culture, and retention. Use when building hiring plans, designing comp frameworks, restructuring teams, managing performance, building culture, or when user mentions CHRO, HR, people strategy, talent, headcount, compensation, org design, retention, or performance management.
business-and-strategy/c-level-advisor/ciso-advisor	business-and-strategy	ciso-advisor	Security leadership for growth-stage companies. Risk quantification in dollars, compliance roadmap (SOC 2/ISO 27001/HIPAA/GDPR), security architecture strategy, incident response leadership, and board-level security reporting. Use when building security programs, justifying security budget, selecting compliance frameworks, managing incidents, assessing vendor risk, or when user mentions CISO, security strategy, compliance roadmap, zero trust, or board security reporting.
business-and-strategy/c-level-advisor/cmo-advisor	business-and-strategy	cmo-advisor	Marketing leadership for scaling companies. Brand positioning, growth model design, marketing budget allocation, and marketing org design. Use when designing brand strategy, selecting growth models (PLG vs sales-led vs community-led), allocating marketing budgets, building marketing teams, or when user mentions CMO, brand strategy, growth model, CAC, LTV, channel mix, or marketing ROI.
business-and-strategy/c-level-advisor/company-os	business-and-strategy	company-os	The meta-framework for how a company runs — the connective tissue between all C-suite roles. Covers operating system selection (EOS, Scaling Up, OKR-native, hybrid), accountability charts, scorecards, meeting pulse, issue resolution, and 90-day rocks. Use when setting up company operations, selecting a management framework, designing meeting rhythms, building accountability systems, implementing OKRs, or when user mentions EOS, Scaling Up, operating system, L10 meetings, rocks, scorecard, accountability chart, or quarterly planning.
business-and-strategy/c-level-advisor/competitive-intel	business-and-strategy	competitive-intel	Systematic competitor tracking that feeds CMO positioning, CRO battlecards, and CPO roadmap decisions. Use when analyzing competitors, building sales battlecards, tracking market moves, positioning against alternatives, or when user mentions competitive intelligence, competitive analysis, competitor research, battlecards, win/loss, or market positioning.
business-and-strategy/c-level-advisor/context-engine	business-and-strategy	context-engine	Loads and manages company context for all C-suite advisor skills. Reads ~/.claude/company-context.md, detects stale context (>90 days), enriches context during conversations, and enforces privacy/anonymization rules before external API calls.
business-and-strategy/c-level-advisor/coo-advisor	business-and-strategy	coo-advisor	Operations leadership for scaling companies. Process design, OKR execution, operational cadence, and scaling playbooks. Use when designing operations, setting up OKRs, building processes, scaling teams, analyzing bottlenecks, planning operational cadence, or when user mentions COO, operations, process improvement, OKRs, scaling, operational efficiency, or execution.
business-and-strategy/c-level-advisor/cpo-advisor	business-and-strategy	cpo-advisor	Product leadership for scaling companies. Product vision, portfolio strategy, product-market fit, and product org design. Use when setting product vision, managing a product portfolio, measuring PMF, designing product teams, prioritizing at the portfolio level, reporting to the board on product, or when user mentions CPO, product strategy, product-market fit, product organization, portfolio prioritization, or roadmap strategy.
business-and-strategy/c-level-advisor/cro-advisor	business-and-strategy	cro-advisor	Revenue leadership for B2B SaaS companies. Revenue forecasting, sales model design, pricing strategy, net revenue retention, and sales team scaling. Use when designing the revenue engine, setting quotas, modeling NRR, evaluating pricing, building board forecasts, or when user mentions CRO, chief revenue officer, revenue strategy, sales model, ARR growth, NRR, expansion revenue, churn, pricing strategy, or sales capacity.
business-and-strategy/c-level-advisor/cs-onboard	business-and-strategy	cs-onboard	Founder onboarding interview that captures company context across 7 dimensions. Invoke with /cs:setup for initial interview or /cs:update for quarterly refresh. Generates ~/.claude/company-context.md used by all C-suite advisor skills.
business-and-strategy/c-level-advisor/cto-advisor	business-and-strategy	cto-advisor	Technical leadership guidance for engineering teams, architecture decisions, and technology strategy. Use when assessing technical debt, scaling engineering teams, evaluating technologies, making architecture decisions, establishing engineering metrics, or when user mentions CTO, tech debt, technical debt, team scaling, architecture decisions, technology evaluation, engineering metrics, DORA metrics, or technology strategy.
business-and-strategy/c-level-advisor/culture-architect	business-and-strategy	culture-architect	Build, measure, and evolve company culture as operational behavior — not wall posters. Covers mission/vision/values workshops, values-to-behaviors translation, culture code creation, culture health assessment, and cultural rituals by stage. Use when building company values, assessing culture health, designing cultural rituals, creating culture codes, handling culture clashes, or when user mentions culture, values, culture debt, founder culture, or culture code.
business-and-strategy/c-level-advisor/decision-logger	business-and-strategy	decision-logger	Two-layer memory architecture for board meeting decisions. Manages raw transcripts (Layer 1) and approved decisions (Layer 2). Use when logging decisions after a board meeting, reviewing past decisions with /cs:decisions, or checking overdue action items with /cs:review. Invoked automatically by the board-meeting skill after Phase 5 founder approval.
business-and-strategy/c-level-advisor/executive-mentor	business-and-strategy	executive-mentor	Adversarial thinking partner for founders and executives. Stress-tests plans, prepares for brutal board meetings, dissects decisions with no good options, and forces honest post-mortems. Use when you need someone to find the holes before the board does, make a decision you've been avoiding, or understand what actually went wrong.
business-and-strategy/c-level-advisor/executive-mentor/skills/board-prep	business-and-strategy	board-prep	/em -board-prep — Board Meeting Preparation
business-and-strategy/c-level-advisor/executive-mentor/skills/challenge	business-and-strategy	challenge	/em -challenge — Pre-Mortem Plan Analysis
business-and-strategy/c-level-advisor/executive-mentor/skills/hard-call	business-and-strategy	hard-call	/em -hard-call — Framework for Decisions With No Good Options
business-and-strategy/c-level-advisor/executive-mentor/skills/postmortem	business-and-strategy	postmortem	/em -postmortem — Honest Analysis of What Went Wrong
business-and-strategy/c-level-advisor/executive-mentor/skills/stress-test	business-and-strategy	stress-test	/em -stress-test — Business Assumption Stress Testing
business-and-strategy/c-level-advisor/founder-coach	business-and-strategy	founder-coach	Personal leadership development for founders and first-time CEOs. Covers founder archetype identification, delegation frameworks, energy management, CEO calendar audits, leadership style evolution, blind spot identification, imposter syndrome, founder mental health, and succession planning. Use when a founder feels like the bottleneck, struggles to delegate, is burning out, transitioning from IC to executive, managing a board, or when user mentions founder mode, CEO growth, leadership development, delegation, burnout, or imposter syndrome.
business-and-strategy/c-level-advisor/internal-narrative	business-and-strategy	internal-narrative	Build and maintain one coherent company story across all audiences — employees, investors, customers, candidates, and partners. Detects narrative contradictions and ensures the same truth is framed for each audience's needs. Use when preparing investor updates, all-hands presentations, board communications, recruiting narratives, crisis communications, or when user mentions company narrative, messaging consistency, storytelling, all-hands, investor update, or crisis communication.
business-and-strategy/c-level-advisor/intl-expansion	business-and-strategy	intl-expansion	International market expansion strategy. Market selection, entry modes, localization, regulatory compliance, and go-to-market by region. Use when expanding to new countries, evaluating international markets, planning localization, or building regional teams.
business-and-strategy/c-level-advisor/ma-playbook	business-and-strategy	ma-playbook	M&A strategy for acquiring companies or being acquired. Due diligence, valuation, integration, and deal structure. Use when evaluating acquisitions, preparing for acquisition, M&A due diligence, integration planning, or deal negotiation.
business-and-strategy/c-level-advisor/org-health-diagnostic	business-and-strategy	org-health-diagnostic	Cross-functional organizational health check combining signals from all C-suite roles. Scores 8 dimensions on a traffic-light scale with drill-down recommendations. Use when assessing overall company health, preparing for board reviews, identifying at-risk functions, or when user mentions org health, health check, or health dashboard.
business-and-strategy/c-level-advisor/scenario-war-room	business-and-strategy	scenario-war-room	Cross-functional what-if modeling for cascading multi-variable scenarios. Unlike single-assumption stress testing, this models compound adversity across all business functions simultaneously. Use when facing complex risk scenarios, strategic decisions with major downside, or when the user asks 'what if X AND Y both happen?'
business-and-strategy/c-level-advisor/strategic-alignment	business-and-strategy	strategic-alignment	Cascades strategy from boardroom to individual contributor. Detects and fixes misalignment between company goals and team execution. Covers strategy articulation, cascade mapping, orphan goal detection, silo identification, communication gap analysis, and realignment protocols. Use when teams are pulling in different directions, OKRs don't connect, departments optimize locally at company expense, or when user mentions alignment, strategy cascade, silo, conflicting OKRs, or strategy communication.
business-and-strategy/ceo-advisor	business-and-strategy	ceo-advisor	Executive leadership guidance for strategic decision-making, organizational development, and stakeholder management. Use when planning strategy, preparing board presentations, managing investors, developing organizational culture, making executive decisions, fundraising, or when user mentions CEO, strategic planning, board meetings, investor updates, organizational leadership, or executive strategy.
business-and-strategy/cfo-advisor	business-and-strategy	cfo-advisor	Financial leadership for startups and scaling companies. Financial modeling, unit economics, fundraising strategy, cash management, and board financial packages. Use when building financial models, analyzing unit economics, planning fundraising, managing cash runway, preparing board materials, or when user mentions CFO, burn rate, runway, fundraising, unit economics, LTV, CAC, term sheets, or financial strategy.
business-and-strategy/chief-of-staff	business-and-strategy	chief-of-staff	C-suite orchestration layer. Routes founder questions to the right advisor role(s), triggers multi-role board meetings for complex decisions, synthesizes outputs, and tracks decisions. Every C-suite interaction starts here. Loads company context automatically.
business-and-strategy/chro-advisor	business-and-strategy	chro-advisor	People leadership for scaling companies. Hiring strategy, compensation design, org structure, culture, and retention. Use when building hiring plans, designing comp frameworks, restructuring teams, managing performance, building culture, or when user mentions CHRO, HR, people strategy, talent, headcount, compensation, org design, retention, or performance management.
business-and-strategy/ciso-advisor	business-and-strategy	ciso-advisor	Security leadership for growth-stage companies. Risk quantification in dollars, compliance roadmap (SOC 2/ISO 27001/HIPAA/GDPR), security architecture strategy, incident response leadership, and board-level security reporting. Use when building security programs, justifying security budget, selecting compliance frameworks, managing incidents, assessing vendor risk, or when user mentions CISO, security strategy, compliance roadmap, zero trust, or board security reporting.
business-and-strategy/cmo-advisor	business-and-strategy	cmo-advisor	Marketing leadership for scaling companies. Brand positioning, growth model design, marketing budget allocation, and marketing org design. Use when designing brand strategy, selecting growth models (PLG vs sales-led vs community-led), allocating marketing budgets, building marketing teams, or when user mentions CMO, brand strategy, growth model, CAC, LTV, channel mix, or marketing ROI.
business-and-strategy/company-os	business-and-strategy	company-os	The meta-framework for how a company runs — the connective tissue between all C-suite roles. Covers operating system selection (EOS, Scaling Up, OKR-native, hybrid), accountability charts, scorecards, meeting pulse, issue resolution, and 90-day rocks. Use when setting up company operations, selecting a management framework, designing meeting rhythms, building accountability systems, implementing OKRs, or when user mentions EOS, Scaling Up, operating system, L10 meetings, rocks, scorecard, accountability chart, or quarterly planning.
business-and-strategy/context-engine	business-and-strategy	context-engine	Loads and manages company context for all C-suite advisor skills. Reads ~/.claude/company-context.md, detects stale context (>90 days), enriches context during conversations, and enforces privacy/anonymization rules before external API calls.
business-and-strategy/coo-advisor	business-and-strategy	coo-advisor	Operations leadership for scaling companies. Process design, OKR execution, operational cadence, and scaling playbooks. Use when designing operations, setting up OKRs, building processes, scaling teams, analyzing bottlenecks, planning operational cadence, or when user mentions COO, operations, process improvement, OKRs, scaling, operational efficiency, or execution.
business-and-strategy/cpo-advisor	business-and-strategy	cpo-advisor	Product leadership for scaling companies. Product vision, portfolio strategy, product-market fit, and product org design. Use when setting product vision, managing a product portfolio, measuring PMF, designing product teams, prioritizing at the portfolio level, reporting to the board on product, or when user mentions CPO, product strategy, product-market fit, product organization, portfolio prioritization, or roadmap strategy.
business-and-strategy/cro-advisor	business-and-strategy	cro-advisor	Revenue leadership for B2B SaaS companies. Revenue forecasting, sales model design, pricing strategy, net revenue retention, and sales team scaling. Use when designing the revenue engine, setting quotas, modeling NRR, evaluating pricing, building board forecasts, or when user mentions CRO, chief revenue officer, revenue strategy, sales model, ARR growth, NRR, expansion revenue, churn, pricing strategy, or sales capacity.
business-and-strategy/cs-founder-coach	business-and-strategy	founder-coach	Personal leadership development for founders and first-time CEOs. Covers founder archetype identification, delegation frameworks, energy management, CEO calendar audits, leadership style evolution, blind spot identification, imposter syndrome, founder mental health, and succession planning. Use when a founder feels like the bottleneck, struggles to delegate, is burning out, transitioning from IC to executive, managing a board, or when user mentions founder mode, CEO growth, leadership development, delegation, burnout, or imposter syndrome.
business-and-strategy/cs-onboard	business-and-strategy	cs-onboard	Founder onboarding interview that captures company context across 7 dimensions. Invoke with /cs:setup for initial interview or /cs:update for quarterly refresh. Generates ~/.claude/company-context.md used by all C-suite advisor skills.
business-and-strategy/cto-advisor	business-and-strategy	cto-advisor	Technical leadership guidance for engineering teams, architecture decisions, and technology strategy. Use when assessing technical debt, scaling engineering teams, evaluating technologies, making architecture decisions, establishing engineering metrics, or when user mentions CTO, tech debt, technical debt, team scaling, architecture decisions, technology evaluation, engineering metrics, DORA metrics, or technology strategy.
business-and-strategy/decision-logger	business-and-strategy	decision-logger	Two-layer memory architecture for board meeting decisions. Manages raw transcripts (Layer 1) and approved decisions (Layer 2). Use when logging decisions after a board meeting, reviewing past decisions with /cs:decisions, or checking overdue action items with /cs:review. Invoked automatically by the board-meeting skill after Phase 5 founder approval.
business-and-strategy/executive-mentor	business-and-strategy	executive-mentor	Adversarial thinking partner for founders and executives. Stress-tests plans, prepares for brutal board meetings, dissects decisions with no good options, and forces honest post-mortems. Use when you need someone to find the holes before the board does, make a decision you've been avoiding, or understand what actually went wrong.
business-and-strategy/executive-mentor/skills/board-prep	business-and-strategy	board-prep	/em -board-prep — Board Meeting Preparation
business-and-strategy/executive-mentor/skills/challenge	business-and-strategy	challenge	/em -challenge — Pre-Mortem Plan Analysis
business-and-strategy/executive-mentor/skills/hard-call	business-and-strategy	hard-call	/em -hard-call — Framework for Decisions With No Good Options
business-and-strategy/executive-mentor/skills/postmortem	business-and-strategy	postmortem	/em -postmortem — Honest Analysis of What Went Wrong
business-and-strategy/executive-mentor/skills/stress-test	business-and-strategy	stress-test	/em -stress-test — Business Assumption Stress Testing
business-and-strategy/m-and-a-advisor	business-and-strategy	m-and-a-advisor	Use when the user asks for guidance on Mergers and Acquisitions (M&A), due diligence, post-merger integration (PMI), or evaluating a potential target company. Triggers on keywords M&A, due diligence, post-merger integration, synergy.
business-and-strategy/org-health-diagnostic	business-and-strategy	org-health-diagnostic	Cross-functional organizational health check combining signals from all C-suite roles. Scores 8 dimensions on a traffic-light scale with drill-down recommendations. Use when assessing overall company health, preparing for board reviews, identifying at-risk functions, or when user mentions org health, health check, or health dashboard.
business-and-strategy/saas-metrics-coach	business-and-strategy	saas-metrics-coach	SaaS financial health advisor. Use when a user shares revenue or customer numbers, or mentions ARR, MRR, churn, LTV, CAC, NRR, or asks how their SaaS business is doing.
business-and-strategy/scenario-war-room	business-and-strategy	scenario-war-room	Cross-functional what-if modeling for cascading multi-variable scenarios. Unlike single-assumption stress testing, this models compound adversity across all business functions simultaneously. Use when facing complex risk scenarios, strategic decisions with major downside, or when the user asks 'what if X AND Y both happen?'
caveman/caveman	caveman	caveman	Ultra-compressed communication mode. Cuts token usage ~75% by speaking like caveman while keeping full technical accuracy. Supports intensity levels: lite, full (default), ultra, wenyan-lite, wenyan-full, wenyan-ultra. Use when user says "caveman mode", "talk like caveman", "use caveman", "less tokens", "be brief", or invokes /caveman. Also auto-triggers when token efficiency is requested.
caveman/caveman-commit	caveman	caveman-commit	Ultra-compressed commit message generator. Cuts noise from commit messages while preserving intent and reasoning. Conventional Commits format. Subject ≤50 chars, body only when "why" isn't obvious. Use when user says "write a commit", "commit message", "generate commit", "/commit", or invokes /caveman-commit. Auto-triggers when staging changes.
caveman/caveman-compress	caveman	caveman-compress	Compress natural language memory files (CLAUDE.md, todos, preferences) into caveman format to save input tokens. Preserves all technical substance, code, URLs, and structure. Compressed version overwrites the original file. Human-readable backup saved as FILE.original.md. Trigger: /caveman:compress <filepath> or "compress memory file"
caveman/caveman-help	caveman	caveman-help	Quick-reference card for all caveman modes, skills, and commands. One-shot display, not a persistent mode. Trigger: /caveman-help, "caveman help", "what caveman commands", "how do I use caveman".
caveman/caveman-review	caveman	caveman-review	Ultra-compressed code review comments. Cuts noise from PR feedback while preserving the actionable signal. Each comment is one line: location, problem, fix. Use when user says "review this PR", "code review", "review the diff", "/review", or invokes /caveman-review. Auto-triggers when reviewing pull requests.
caveman/find-skills	caveman	find-skills	Helps users discover and install agent skills when they ask questions like "how do I do X", "find a skill for X", "is there a skill that can...", or express interest in extending capabilities. This skill should be used when the user is looking for functionality that might exist as an installable skill.
context-engineering/context-compression	context-engineering	context-compression	This skill should be used when the user asks to "compress context", "summarize conversation history", "implement compaction", "reduce token usage", or mentions context compression, structured summarization, tokens-per-task optimization, or long-running agent sessions exceeding context limits.
context-engineering/context-degradation	context-engineering	context-degradation	This skill should be used when the user asks to "diagnose context problems", "fix lost-in-middle issues", "debug agent failures", "understand context poisoning", or mentions context degradation, attention patterns, context clash, context confusion, or agent performance degradation. Provides patterns for recognizing and mitigating context failures.
context-engineering/context-fundamentals	context-engineering	context-fundamentals	This skill should be used when the user asks to "understand context", "explain context windows", "design agent architecture", "debug context issues", "optimize context usage", or discusses context components, attention mechanics, progressive disclosure, or context budgeting. Provides foundational understanding of context engineering for AI agent systems.
context-engineering/context-optimization	context-engineering	context-optimization	This skill should be used when the user asks to "optimize context", "reduce token costs", "improve context efficiency", "implement KV-cache optimization", "partition context", or mentions context limits, observation masking, context budgeting, or extending effective context capacity.
context-engineering/filesystem-context	context-engineering	filesystem-context	This skill should be used when the user asks to "offload context to files", "implement dynamic context discovery", "use filesystem for agent memory", "reduce context window bloat", or mentions file-based context management, tool output persistence, agent scratch pads, or just-in-time context loading.
context-engineering/memory-systems	context-engineering	memory-systems	Guides implementation of agent memory systems, compares production frameworks (Mem0, Zep/Graphiti, Letta, LangMem, Cognee), and designs persistence architectures for cross-session knowledge retention. Use when the user asks to "implement agent memory", "persist state across sessions", "build knowledge graph for agents", "track entities over time", "add long-term memory", "choose a memory framework", or mentions temporal knowledge graphs, vector stores, entity memory, adaptive memory, dynamic memory or memory benchmarks (LoCoMo, LongMemEval).
data-and-backend/dbt-expert	data-and-backend	dbt-expert	Use when working in a dbt project or doing any dbt-related work — writing models, schema.yml, sources.yml, tests, macros, snapshots, seeds, or exposures. Also use when designing SQL that will land in a dbt project, generating dbt YAML programmatically, or asking about dbt best practices, incremental strategies, or project structure for Snowflake. If dbt is involved in any way — use this skill.
data-and-backend/developing-with-streamlit	data-and-backend	developing-with-streamlit	**[REQUIRED]** Use for ALL Streamlit tasks: creating, editing, debugging, beautifying, styling, theming, optimizing, or deploying Streamlit applications. Also required for building custom components (inline or packaged), using st.components.v2, or any HTML/JS/CSS component work. Triggers: streamlit, st., dashboard, app.py, beautify, style, CSS, color, background, theme, button, widget styling, custom component, st.components, packaged component, pyproject.toml, asset_dir, CCv2, HTML/JS component.
data-and-backend/developing-with-streamlit/skills/building-streamlit-chat-ui	data-and-backend	building-streamlit-chat-ui	Building chat interfaces in Streamlit. Use when creating conversational UIs, chatbots, or AI assistants. Covers st.chat_message, st.chat_input, message history, and streaming responses.
data-and-backend/developing-with-streamlit/skills/building-streamlit-custom-components-v2	data-and-backend	building-streamlit-custom-components-v2	Builds bidirectional Streamlit Custom Components v2 (CCv2) using `st.components.v2.component`. Use when authoring inline HTML/CSS/JS components or packaged components (manifest `asset_dir`, js/css globs), wiring state/trigger callbacks, theming via `--st-*` CSS variables, or bundling with Vite / `component-template` v2.
data-and-backend/developing-with-streamlit/skills/building-streamlit-dashboards	data-and-backend	building-streamlit-dashboards	Building dashboards in Streamlit. Use when creating KPI displays, metric cards, or data-heavy layouts. Covers borders, cards, responsive layouts, and dashboard composition.
data-and-backend/developing-with-streamlit/skills/building-streamlit-multipage-apps	data-and-backend	building-streamlit-multipage-apps	Building multi-page Streamlit apps. Use when creating apps with multiple pages, setting up navigation, or managing state across pages.
data-and-backend/developing-with-streamlit/skills/choosing-streamlit-selection-widgets	data-and-backend	choosing-streamlit-selection-widgets	Choosing the right Streamlit selection widget. Use when deciding between radio buttons, selectbox, segmented control, pills, or other option selection widgets. Helps pick the right widget for the number of options and selection type.
data-and-backend/developing-with-streamlit/skills/connecting-streamlit-to-snowflake	data-and-backend	connecting-streamlit-to-snowflake	Connecting Streamlit apps to Snowflake. Use when setting up database connections, managing secrets, or querying Snowflake from a Streamlit app.
data-and-backend/developing-with-streamlit/skills/creating-streamlit-themes	data-and-backend	creating-streamlit-themes	Creating and customizing Streamlit themes. Use when changing app colors, fonts, or appearance, or aligning apps to brand guidelines. Covers config.toml configuration, design principles, and CSS avoidance.
data-and-backend/developing-with-streamlit/skills/displaying-streamlit-data	data-and-backend	displaying-streamlit-data	Displaying charts, dataframes, and metrics in Streamlit. Use when visualizing data, configuring dataframe columns, or adding sparklines to metrics. Covers native charts, Altair, and column configuration.
data-and-backend/developing-with-streamlit/skills/improving-streamlit-design	data-and-backend	improving-streamlit-design	Improving visual design in Streamlit apps. Use when polishing apps with icons, badges, spacing, or text styling. Covers Material icons, badge syntax, divider alternatives, and text casing conventions.
data-and-backend/developing-with-streamlit/skills/optimizing-streamlit-performance	data-and-backend	optimizing-streamlit-performance	Optimizing Streamlit app performance. Use when apps are slow, rerunning too often, or loading heavy content. Covers caching, fragments, and static vs dynamic widget choices.
data-and-backend/developing-with-streamlit/skills/organizing-streamlit-code	data-and-backend	organizing-streamlit-code	Organizing Streamlit code for maintainability. Use when structuring apps with separate modules and utilities. Covers separation of concerns, keeping UI code clean, and import patterns.
data-and-backend/developing-with-streamlit/skills/setting-up-streamlit-environment	data-and-backend	setting-up-streamlit-environment	Setting up Python environments for Streamlit apps. Use when creating a new project or managing dependencies. Covers uv for dependency management and running apps.
data-and-backend/developing-with-streamlit/skills/using-streamlit-cli	data-and-backend	using-streamlit-cli	Documents Streamlit CLI commands for running apps, managing configuration, and diagnostics. Use when starting Streamlit apps, configuring runtime options, or troubleshooting CLI issues.
data-and-backend/developing-with-streamlit/skills/using-streamlit-custom-components	data-and-backend	using-streamlit-custom-components	Using third-party Streamlit custom components. Use when extending Streamlit with community packages. Covers installation, popular custom components, and when to use them.
data-and-backend/developing-with-streamlit/skills/using-streamlit-layouts	data-and-backend	using-streamlit-layouts	Structuring Streamlit app layouts. Use when placing content in sidebars, columns, containers, or dialogs. Covers sidebar usage, column limits, horizontal containers, dialogs, and bordered cards.
data-and-backend/developing-with-streamlit/skills/using-streamlit-markdown	data-and-backend	using-streamlit-markdown	Covers all Markdown features in Streamlit including GitHub-flavored syntax plus Streamlit extensions like colored text, badges, Material icons, and LaTeX. Use when formatting text, labels, tooltips, or any text-rendering element.
data-and-backend/developing-with-streamlit/skills/using-streamlit-session-state	data-and-backend	using-streamlit-session-state	Using st.session_state to manage state across Streamlit reruns. Use when persisting data, handling widget state, implementing callbacks, or debugging state issues. Covers initialization patterns, widget-state association, and common gotchas.
data-and-backend/etl-to-dbt	data-and-backend	etl-to-dbt	Use when converting, migrating, or translating ETL artifacts to dbt — Informatica IICS mappings, PowerCenter workflows, Talend jobs, DataStage pipelines. Also use when analyzing mapping XML/JSON files, extracting transformation logic from ETL metadata, generating dbt models or sources.yml from source qualifiers, or mapping ETL data types to Snowflake types. If the words mapping, IICS, Informatica, infa, PowerCenter, or ETL migration appear — use this skill.
data-and-backend/python-fastapi-llm	data-and-backend	python-fastapi-llm	Use when building a Python API that integrates LLMs, creating an agent backend with FastAPI, implementing streaming responses, handling file uploads for AI processing, or designing a backend for an AI-powered tool. Also use for async Python patterns, Pydantic schemas for LLM structured outputs, retry strategies for LLM calls, background AI jobs, or any service combining FastAPI and LLMs. If Python + AI backend is in scope — use this skill.
data-and-backend/snowflake-sql	data-and-backend	snowflake-sql	Use when writing or asking about Snowflake SQL, Snowflake DDL, dynamic tables, streams, tasks, stages, file formats, or Snowpark. Also use for Snowflake-specific patterns (QUALIFY, FLATTEN, LATERAL FLATTEN, PARSE_JSON, MATCH_CONDITION), VARIANT/OBJECT/ARRAY types, data vault in Snowflake, clustering keys, time travel, search optimization, or query performance tuning. If the context is Snowflake — use this skill.
design-and-ui/anass-pro-style	design-and-ui	anass-pro-style	Build hyper-personalized, narrative-driven, single-file portfolio/pitch websites in the style of anass.pro. Use when the user asks for a "site like anass.pro", a one-recipient candidacy/pitch site, a behavioral-engineering landing page, a single-file storytelling portfolio with a pixel-art game hero, custom cursor, typewriter text, procedural Web Audio SFX, scroll-revealed scenes, or a dark purple narrative interface that addresses one named reader. Trigger on phrases like "personal pitch site", "one-page candidacy", "narrative portfolio", "scrollytelling pitch", "pixel-art hero", "interactive landing for X", or any request to recreate / clone / adapt anass.pro.
design-and-ui/banner-design	design-and-ui	ckm:banner-design	Design banners for social media, ads, website heroes, creative assets, and print. Multiple art direction options with AI-generated visuals. Actions: design, create, generate banner. Platforms: Facebook, Twitter/X, LinkedIn, YouTube, Instagram, Google Display, website hero, print. Styles: minimalist, gradient, bold typography, photo-based, illustrated, geometric, retro, glassmorphism, 3D, neon, duotone, editorial, collage. Uses ui-ux-pro-max, frontend-design, ai-artist, ai-multimodal skills.
design-and-ui/brand	design-and-ui	ckm:brand	Brand voice, visual identity, messaging frameworks, asset management, brand consistency. Activate for branded content, tone of voice, marketing assets, brand compliance, style guides.
design-and-ui/design	design-and-ui	ckm:design	Comprehensive design skill: brand identity, design tokens, UI styling, logo generation (55 styles, Gemini AI), corporate identity program (50 deliverables, CIP mockups), HTML presentations (Chart.js), banner design (22 styles, social/ads/web/print), icon design (15 styles, SVG, Gemini 3.1 Pro), social photos (HTML→screenshot, multi-platform). Actions: design logo, create CIP, generate mockups, build slides, design banner, generate icon, create social photos, social media images, brand identity, design system. Platforms: Facebook, Twitter, LinkedIn, YouTube, Instagram, Pinterest, TikTok, Threads, Google Ads.
design-and-ui/design-system	design-and-ui	ckm:design-system	Token architecture, component specifications, and slide generation. Three-layer tokens (primitive→semantic→component), CSS variables, spacing/typography scales, component specs, strategic slide creation. Use for design tokens, systematic design, brand-compliant presentations.
design-and-ui/frontend-design	design-and-ui	frontend-design	Create distinctive, production-grade frontend interfaces with high design quality. Use this skill when the user asks to build web components, pages, artifacts, posters, or applications (examples include websites, landing pages, dashboards, React components, HTML/CSS layouts, or when styling/beautifying any web UI). Generates creative, polished code and UI design that avoids generic AI aesthetics.
design-and-ui/impeccable	design-and-ui	impeccable	Use when the user wants to design, redesign, shape, critique, audit, polish, clarify, distill, harden, optimize, adapt, animate, colorize, extract, or otherwise improve a frontend interface. Covers websites, landing pages, dashboards, product UI, app shells, components, forms, settings, onboarding, and empty states. Handles UX review, visual hierarchy, information architecture, cognitive load, accessibility, performance, responsive behavior, theming, anti-patterns, typography, fonts, spacing, layout, alignment, color, motion, micro-interactions, UX copy, error states, edge cases, i18n, and reusable design systems or tokens. Also use for bland designs that need to become bolder or more delightful, loud designs that should become quieter, live browser iteration on UI elements, or ambitious visual effects that should feel technically extraordinary. Not for backend-only or non-UI tasks.
design-and-ui/theme-factory	design-and-ui	theme-factory	Toolkit for styling artifacts with a theme. These artifacts can be slides, docs, reportings, HTML landing pages, etc. There are 10 pre-set themes with colors/fonts that you can apply to any artifact that has been creating, or can generate a new theme on-the-fly.
design-and-ui/ui-styling	design-and-ui	ckm:ui-styling	Create beautiful, accessible user interfaces with shadcn/ui components (built on Radix UI + Tailwind), Tailwind CSS utility-first styling, and canvas-based visual designs. Use when building user interfaces, implementing design systems, creating responsive layouts, adding accessible components (dialogs, dropdowns, forms, tables), customizing themes and colors, implementing dark mode, generating visual designs and posters, or establishing consistent styling patterns across applications.
design-and-ui/ui-ux-pro-max	design-and-ui	ui-ux-pro-max	UI/UX design intelligence for web and mobile. Includes 50+ styles, 161 color palettes, 57 font pairings, 161 product types, 99 UX guidelines, and 25 chart types across 10 stacks (React, Next.js, Vue, Svelte, SwiftUI, React Native, Flutter, Tailwind, shadcn/ui, and HTML/CSS). Actions: plan, build, create, design, implement, review, fix, improve, optimize, enhance, refactor, and check UI/UX code. Projects: website, landing page, dashboard, admin panel, e-commerce, SaaS, portfolio, blog, and mobile app. Elements: button, modal, navbar, sidebar, card, table, form, and chart. Styles: glassmorphism, claymorphism, minimalism, brutalism, neumorphism, bento grid, dark mode, responsive, skeuomorphism, and flat design. Topics: color systems, accessibility, animation, layout, typography, font pairing, spacing, interaction states, shadow, and gradient. Integrations: shadcn/ui MCP for component search and examples.
devops-and-infrastructure/aws-solution-architect	devops-and-infrastructure	aws-solution-architect	Design AWS architectures for startups using serverless patterns and IaC templates. Use when asked to design serverless architecture, create CloudFormation templates, optimize AWS costs, set up CI/CD pipelines, or migrate to AWS. Covers Lambda, API Gateway, DynamoDB, ECS, Aurora, and cost optimization.
devops-and-infrastructure/ci-cd-pipeline-builder	devops-and-infrastructure	ci-cd-pipeline-builder	Generate pragmatic CI/CD pipelines tailored to a repo's detected stack. Use when the user wants to set up GitHub Actions, GitLab CI, or any CI/CD workflow with lint/test/build/deploy stages, caching, matrix builds, and environment-aware deployments. Detects language and tooling automatically.
devops-and-infrastructure/database-designer	devops-and-infrastructure	database-designer	Design and audit relational database schemas. Use when the user asks to design a schema, normalize tables (1NF-BCNF), optimize indexes, plan zero-downtime migrations (expand-contract), generate ERDs, or analyze constraints, naming, and data types. Produces Mermaid diagrams and migration scripts.
devops-and-infrastructure/dependency-auditor	devops-and-infrastructure	dependency-auditor	Audit project dependencies for vulnerabilities, license compliance, and tree health across multiple language ecosystems. Use when the user mentions CVE scanning, dependency upgrades, transitive dependency risk, license auditing, supply chain security, or wants to know which packages to upgrade or remove.
devops-and-infrastructure/docker-development	devops-and-infrastructure	docker-development	Docker and container development agent skill and plugin for Dockerfile optimization, docker-compose orchestration, multi-stage builds, and container security hardening. Use when: user wants to optimize a Dockerfile, create or improve docker-compose configurations, implement multi-stage builds, audit container security, reduce image size, or follow container best practices. Covers build performance, layer caching, secret management, and production-ready container patterns.
devops-and-infrastructure/helm-chart-builder	devops-and-infrastructure	helm-chart-builder	Helm chart development agent skill and plugin for Claude Code, Codex, Gemini CLI, Cursor, OpenClaw — chart scaffolding, values design, template patterns, dependency management, security hardening, and chart testing. Use when: user wants to create or improve Helm charts, design values.yaml files, implement template helpers, audit chart security (RBAC, network policies, pod security), manage subcharts, or run helm lint/test.
devops-and-infrastructure/incident-commander	devops-and-infrastructure	incident-commander	Run incident response from detection to post-mortem. Use when the user mentions incidents, sev1/sev2 triage, severity classification, timeline reconstruction, on-call, post-incident review (PIR), root-cause analysis, blameless retros, or runbook generation. Provides SRE-grade incident management templates and frameworks.
devops-and-infrastructure/observability-designer	devops-and-infrastructure	observability-designer	Design comprehensive observability for production systems. Use when the user asks about SLI/SLO/SLA design, error budgets, golden signals, RED/USE methods, structured logging, distributed tracing, dashboard design, or alert optimization. Covers metrics, logs, and traces across modern observability stacks.
devops-and-infrastructure/saas-scaffolder	devops-and-infrastructure	saas-scaffolder	Generates complete, production-ready SaaS project boilerplate including authentication, database schemas, billing integration, API routes, and a working dashboard using Next.js 14+ App Router, TypeScript, Tailwind CSS, shadcn/ui, Drizzle ORM, and Stripe. Use when the user wants to create a new SaaS app, start a subscription-based web project, scaffold a Next.js application, or mentions terms like starter template, boilerplate, new project, or wiring up auth and payments.
devops-and-infrastructure/senior-devops	devops-and-infrastructure	senior-devops	Comprehensive DevOps skill for CI/CD, infrastructure automation, containerization, and cloud platforms (AWS, GCP, Azure). Includes pipeline setup, infrastructure as code, deployment automation, and monitoring. Use when setting up pipelines, deploying applications, managing infrastructure, implementing monitoring, or optimizing deployment processes.
devops-and-infrastructure/senior-secops	devops-and-infrastructure	senior-secops	Senior SecOps engineer skill for application security, vulnerability management, compliance verification, and secure development practices. Runs SAST/DAST scans, generates CVE remediation plans, checks dependency vulnerabilities, creates security policies, enforces secure coding patterns, and automates compliance checks against SOC2, PCI-DSS, HIPAA, and GDPR. Use when conducting a security review or audit, responding to a CVE or security incident, hardening infrastructure, implementing authentication or secrets management, running penetration test prep, checking OWASP Top 10 exposure, or enforcing security controls in CI/CD pipelines.
devops-and-infrastructure/senior-security	devops-and-infrastructure	senior-security	Security engineering toolkit for threat modeling, vulnerability analysis, secure architecture, and penetration testing. Includes STRIDE analysis, OWASP guidance, cryptography patterns, and security scanning tools. Use when the user asks about security reviews, threat analysis, vulnerability assessments, secure coding practices, security audits, attack surface analysis, CVE remediation, or security best practices.
devops-and-infrastructure/stripe-integration-expert	devops-and-infrastructure	stripe-integration-expert	Implement production-grade Stripe integrations. Use when the user mentions Stripe, subscriptions, billing, payments, checkout, webhooks, customer portal, usage-based pricing, proration, trials, invoicing, or SaaS billing. Covers Next.js, Express, and Django patterns with idempotent webhook handling.
devops-and-infrastructure/terraform-patterns	devops-and-infrastructure	terraform-patterns	Terraform infrastructure-as-code agent skill and plugin for Claude Code, Codex, Gemini CLI, Cursor, OpenClaw. Covers module design patterns, state management strategies, provider configuration, security hardening, policy-as-code with Sentinel/OPA, and CI/CD plan/apply workflows. Use when: user wants to design Terraform modules, manage state backends, review Terraform security, implement multi-region deployments, or follow IaC best practices.
docs-and-presentations/investor-pitch-deck-designer	docs-and-presentations	investor-pitch-deck-designer	Use when the user asks for help designing, structuring, or writing an investor pitch deck for seed, Series A, or later rounds. Triggers on keywords pitch deck, VC pitch, investor presentation, fundraising deck.
docs-and-presentations/pptx	docs-and-presentations	pptx	Use this skill any time a .pptx file is involved in any way — as input, output, or both. This includes: creating slide decks, pitch decks, or presentations; reading, parsing, or extracting text from any .pptx file (even if the extracted content will be used elsewhere, like in an email or summary); editing, modifying, or updating existing presentations; combining or splitting slide files; working with templates, layouts, speaker notes, or comments. Trigger whenever the user mentions \"deck,\" \"slides,\" \"presentation,\" or references a .pptx filename, regardless of what they plan to do with the content afterward. If a .pptx file needs to be opened, created, or touched, use this skill.
docs-and-presentations/project-development	docs-and-presentations	project-development	This skill should be used when the user asks to "start an LLM project", "design batch pipeline", "evaluate task-model fit", "structure agent project", or mentions pipeline architecture, agent-assisted development, cost estimation, or choosing between LLM and traditional approaches.
docs-and-presentations/project-docs	docs-and-presentations	project-docs	Use when asked to produce technical documentation beyond a README — architecture docs, technical design documents, ADRs, API references, data pipeline docs, onboarding guides, integration specs, or AGENTS.md/CLAUDE.md files. Also use when documenting an AI agent system, a data pipeline, or producing technical reference material for a team. If the output is a technical document other than a README — use this skill.
docs-and-presentations/readme-writer	docs-and-presentations	readme-writer	Use when asked to write, generate, update, or improve a README.md, add documentation to a project root, or create an onboarding document for a repository. Also use when the user says "document this project", "write the docs", or "create a README" for a Python tool, FastAPI backend, React app, CLI, dbt project, monorepo, or AI agent system. If the output is a README.md — use this skill.
docs-and-presentations/slides	docs-and-presentations	ckm:slides	Create strategic HTML presentations with Chart.js, design tokens, responsive layouts, copywriting formulas, and contextual slide strategies.
docs-and-presentations/svg-diagrams	docs-and-presentations	svg-diagrams	Use when asked for a diagram, chart, architecture visualization, flow, pipeline map, data model, sequence diagram, or any visual representation of a system or process. Also use when the user wants to visualize agent workflows, ETL pipelines, dbt lineage, API flows, or system integrations. If the words diagram, chart, flow, architecture, visualize, or draw appear in a visual context — use this skill.
engineering-craft/advanced-evaluation	engineering-craft	advanced-evaluation	This skill should be used when the user asks to "implement LLM-as-judge", "compare model outputs", "create evaluation rubrics", "mitigate evaluation bias", or mentions direct scoring, pairwise comparison, position bias, evaluation pipelines, or automated quality assessment.
engineering-craft/brainstorming	engineering-craft	brainstorming	You MUST use this before any creative work - creating features, building components, adding functionality, or modifying behavior. Explores user intent, requirements and design before implementation.
engineering-craft/codebase-onboarding	engineering-craft	codebase-onboarding	Generate onboarding documentation for an unfamiliar codebase. Use when the user asks to onboard new developers, document an existing project, produce architecture overviews, key-file maps, local setup guides, common-task runbooks, or contribution guidelines. Outputs to Markdown, Notion, or Confluence.
engineering-craft/dispatching-parallel-agents	engineering-craft	dispatching-parallel-agents	Use when facing 2+ independent tasks that can be worked on without shared state or sequential dependencies
engineering-craft/evaluation	engineering-craft	evaluation	This skill should be used when the user asks to "evaluate agent performance", "build test framework", "measure agent quality", "create evaluation rubrics", or mentions LLM-as-judge, multi-dimensional evaluation, agent testing, or quality gates for agent pipelines.
engineering-craft/executing-plans	engineering-craft	executing-plans	Use when you have a written implementation plan to execute in a separate session with review checkpoints
engineering-craft/finishing-a-development-branch	engineering-craft	finishing-a-development-branch	Use when implementation is complete, all tests pass, and you need to decide how to integrate the work - guides completion of development work by presenting structured options for merge, PR, or cleanup
engineering-craft/framework-fastapi-expert	engineering-craft	framework-fastapi-expert	Use when the user asks to work on a Python FastAPI project. Triggers on keywords Python, FastAPI, Pydantic, SQLAlchemy.
engineering-craft/framework-flutter-expert	engineering-craft	framework-flutter-expert	Use when the user asks to work on a Flutter or Dart project. Triggers on keywords Flutter, Dart, BLoC, Mobile App.
engineering-craft/framework-nextjs-expert	engineering-craft	framework-nextjs-expert	Use when the user asks to work on a Next.js (App Router), React, and TypeScript project. Triggers on keywords Next.js, React, Tailwind, Shadcn UI.
engineering-craft/framework-react-native-expert	engineering-craft	framework-react-native-expert	Use when the user asks to work on a React Native or Expo project. Triggers on keywords React Native, Expo, Mobile App, iOS, Android.
engineering-craft/framework-vue-nuxt-expert	engineering-craft	framework-vue-nuxt-expert	Use when the user asks to work on a Vue 3, Nuxt 3, or TailwindCSS frontend project. Triggers on keywords Vue 3, Nuxt 3, Vue.js, TailwindCSS.
engineering-craft/grill-me	engineering-craft	grill-me	Interview the user relentlessly about a plan or design until reaching shared understanding, resolving each branch of the decision tree. Use when user wants to stress-test a plan, get grilled on their design, or mentions "grill me".
engineering-craft/karpathy-guidlines	engineering-craft	karpathy-guidelines	Behavioral guidelines to reduce common LLM coding mistakes. Use when writing, reviewing, or refactoring code to avoid overcomplication, make surgical changes, surface assumptions, and define verifiable success criteria.
engineering-craft/receiving-code-review	engineering-craft	receiving-code-review	Use when receiving code review feedback, before implementing suggestions, especially if feedback seems unclear or technically questionable - requires technical rigor and verification, not performative agreement or blind implementation
engineering-craft/requesting-code-review	engineering-craft	requesting-code-review	Use when completing tasks, implementing major features, or before merging to verify work meets requirements
engineering-craft/senior-architect	engineering-craft	senior-architect	This skill should be used when the user asks to "design system architecture", "evaluate microservices vs monolith", "create architecture diagrams", "analyze dependencies", "choose a database", "plan for scalability", "make technical decisions", or "review system design". Use for architecture decision records (ADRs), tech stack evaluation, system design reviews, dependency analysis, and generating architecture diagrams in Mermaid, PlantUML, or ASCII format.
engineering-craft/senior-backend	engineering-craft	senior-backend	Designs and implements backend systems including REST APIs, microservices, database architectures, authentication flows, and security hardening. Use when the user asks to "design REST APIs", "optimize database queries", "implement authentication", "build microservices", "review backend code", "set up GraphQL", "handle database migrations", or "load test APIs". Covers Node.js/Express/Fastify development, PostgreSQL optimization, API security, and backend architecture patterns.
engineering-craft/senior-data-engineer	engineering-craft	senior-data-engineer	Data engineering skill for building scalable data pipelines, ETL/ELT systems, and data infrastructure. Expertise in Python, SQL, Spark, Airflow, dbt, Kafka, and modern data stack. Includes data modeling, pipeline orchestration, data quality, and DataOps. Use when designing data architectures, building data pipelines, optimizing data workflows, implementing data governance, or troubleshooting data issues.
engineering-craft/senior-data-scientist	engineering-craft	senior-data-scientist	World-class senior data scientist skill specialising in statistical modeling, experiment design, causal inference, and predictive analytics. Covers A/B testing (sample sizing, two-proportion z-tests, Bonferroni correction), difference-in-differences, feature engineering pipelines (Scikit-learn, XGBoost), cross-validated model evaluation (AUC-ROC, AUC-PR, SHAP), and MLflow experiment tracking — using Python (NumPy, Pandas, Scikit-learn), R, and SQL. Use when designing or analysing controlled experiments, building and evaluating classification or regression models, performing causal analysis on observational data, engineering features for structured tabular datasets, or translating statistical findings into data-driven business decisions.
engineering-craft/senior-frontend	engineering-craft	senior-frontend	Frontend development skill for React, Next.js, TypeScript, and Tailwind CSS applications. Use when building React components, optimizing Next.js performance, analyzing bundle sizes, scaffolding frontend projects, implementing accessibility, or reviewing frontend code quality.
engineering-craft/senior-fullstack	engineering-craft	senior-fullstack	Fullstack development toolkit with project scaffolding for Next.js, FastAPI, MERN, and Django stacks, code quality analysis with security and complexity scoring, and stack selection guidance. Use when the user asks to "scaffold a new project", "create a Next.js app", "set up FastAPI with React", "analyze code quality", "audit my codebase", "what stack should I use", "generate project boilerplate", or mentions fullstack development, project setup, or tech stack comparison.
engineering-craft/senior-ml-engineer	engineering-craft	senior-ml-engineer	ML engineering skill for productionizing models, building MLOps pipelines, and integrating LLMs. Covers model deployment, feature stores, drift monitoring, RAG systems, and cost optimization. Use when the user asks about deploying ML models to production, setting up MLOps infrastructure (MLflow, Kubeflow, Kubernetes, Docker), monitoring model performance or drift, building RAG pipelines, or integrating LLM APIs with retry logic and cost controls. Focused on production and operational concerns rather than model research or initial training.
engineering-craft/senior-pm	engineering-craft	senior-pm	Senior Project Manager for enterprise software, SaaS, and digital transformation projects. Specializes in portfolio management, quantitative risk analysis, resource optimization, stakeholder alignment, and executive reporting. Uses advanced methodologies including EMV analysis, Monte Carlo simulation, WSJF prioritization, and multi-dimensional health scoring. Use when a user needs help with project plans, project status reports, risk assessments, resource allocation, project roadmaps, milestone tracking, team capacity planning, portfolio health reviews, program management, or executive-level project reporting — especially for enterprise-scale initiatives with multiple workstreams, complex dependencies, or multi-million dollar budgets.
engineering-craft/senior-qa	engineering-craft	senior-qa	Generates unit tests, integration tests, and E2E tests for React/Next.js applications. Scans components to create Jest + React Testing Library test stubs, analyzes Istanbul/LCOV coverage reports to surface gaps, scaffolds Playwright test files from Next.js routes, mocks API calls with MSW, creates test fixtures, and configures test runners. Use when the user asks to "generate tests", "write unit tests", "analyze test coverage", "scaffold E2E tests", "set up Playwright", "configure Jest", "implement testing patterns", or "improve test quality".
engineering-craft/subagent-driven-development	engineering-craft	subagent-driven-development	Use when executing implementation plans with independent tasks in the current session
engineering-craft/systematic-debugging	engineering-craft	systematic-debugging	Use when encountering any bug, test failure, or unexpected behavior, before proposing fixes
engineering-craft/tech-debt-tracker	engineering-craft	tech-debt-tracker	Scan codebases for technical debt, score severity, track trends, and generate prioritized remediation plans. Use when users mention tech debt, code quality, refactoring priority, debt scoring, cleanup sprints, or code health assessment. Also use for legacy code modernization planning and maintenance cost estimation.
engineering-craft/tech-stack-evaluator	engineering-craft	tech-stack-evaluator	Technology stack evaluation and comparison with TCO analysis, security assessment, and ecosystem health scoring. Use when comparing frameworks, evaluating technology stacks, calculating total cost of ownership, assessing migration paths, or analyzing ecosystem viability.
engineering-craft/test-driven-development	engineering-craft	test-driven-development	Use when implementing any feature or bugfix, before writing implementation code
engineering-craft/using-git-worktrees	engineering-craft	using-git-worktrees	Use when starting feature work that needs isolation from current workspace or before executing implementation plans - creates isolated git worktrees with smart directory selection and safety verification
engineering-craft/using-superpowers	engineering-craft	using-superpowers	Use when starting any conversation - establishes how to find and use skills, requiring Skill tool invocation before ANY response including clarifying questions
engineering-craft/verification-before-completion	engineering-craft	verification-before-completion	Use when about to claim work is complete, fixed, or passing, before committing or creating PRs - requires running verification commands and confirming output before making any success claims; evidence before assertions always
engineering-craft/writing-plans	engineering-craft	writing-plans	Use when you have a spec or requirements for a multi-step task, before touching code
llm-integrations/openrouter-agent-migration	llm-integrations	openrouter-agent-migration	Migration guide from @openrouter/sdk to @openrouter/agent for callModel, tool(), stop conditions, and agent features. This skill should be used when code imports callModel, tool(), or stop conditions from @openrouter/sdk and needs to migrate to @openrouter/agent.
llm-integrations/openrouter-images	llm-integrations	openrouter-images	Generate images from text prompts and edit existing images using OpenRouter's image generation models. Use when the user asks to create, generate, or make an image, picture, or illustration from a description, or wants to edit, modify, transform, or alter an existing image with a text prompt.
llm-integrations/openrouter-models	llm-integrations	openrouter-models	Query OpenRouter for available AI models, pricing, capabilities, throughput, and provider performance. Use when the user asks about available OpenRouter models, model pricing, model context lengths, model capabilities, provider latency or uptime, throughput limits, supported parameters, wants to search/filter/compare models, or find the fastest provider for a model.
llm-integrations/openrouter-oauth	llm-integrations	openrouter-oauth	Implement "Sign In with OpenRouter" using OAuth PKCE — framework-agnostic, no SDK or client registration required. Use when the user wants to add OpenRouter login, authentication, sign-in buttons, OAuth, or AI model inference API keys for browser-based apps. No client registration, no backend, no secrets required.
llm-integrations/openrouter-typescript-sdk	llm-integrations	openrouter-typescript-sdk	Complete reference for integrating with 300+ AI models through the OpenRouter TypeScript SDK and Agent packages using the callModel pattern
marketing-and-growth/content-humanizer	marketing-and-growth	content-humanizer	Makes AI-generated content sound genuinely human — not just cleaned up, but alive. Use when content feels robotic, uses too many AI clichés, lacks personality, or reads like it was written by committee. Triggers: 'this sounds like AI', 'make it more human', 'add personality', 'it feels generic', 'sounds robotic', 'fix AI writing', 'inject our voice'. NOT for initial content creation (use content-production). NOT for SEO optimization (use content-production Mode 3).
marketing-and-growth/content-production	marketing-and-growth	content-production	Full content production pipeline — takes a topic from blank page to published-ready piece. Use when you need to execute content: write a blog post, article, or guide end-to-end. Triggers: 'write a post about', 'draft an article', 'create content for', 'help me write', 'I need a blog post'. NOT for content strategy or calendar planning (use content-strategy). NOT for repurposing existing content (use content-repurposing). NOT for social captions only.
marketing-and-growth/cs-ad-creative	marketing-and-growth	ad-creative	When the user needs to generate, iterate, or scale ad creative for paid advertising. Use when they say 'write ad copy,' 'generate headlines,' 'create ad variations,' 'bulk creative,' 'iterate on ads,' 'ad copy validation,' 'RSA headlines,' 'Meta ad copy,' 'LinkedIn ad,' or 'creative testing.' This is pure creative production — distinct from paid-ads (campaign strategy). Use ad-creative when you need the copy, not the campaign plan.
marketing-and-growth/cs-ai-seo	marketing-and-growth	ai-seo	Optimize content to get cited by AI search engines — ChatGPT, Perplexity, Google AI Overviews, Claude, Gemini, Copilot. Use when you want your content to appear in AI-generated answers, not just ranked in blue links. Triggers: 'optimize for AI search', 'get cited by ChatGPT', 'AI Overviews', 'Perplexity citations', 'AI SEO', 'generative search', 'LLM visibility', 'GEO' (generative engine optimization). NOT for traditional SEO ranking (use seo-audit). NOT for content creation (use content-production).
marketing-and-growth/cs-cold-email	marketing-and-growth	cold-email	When the user wants to write, improve, or build a sequence of B2B cold outreach emails to prospects who haven't asked to hear from them. Use when the user mentions 'cold email,' 'cold outreach,' 'prospecting emails,' 'SDR emails,' 'sales emails,' 'first touch email,' 'follow-up sequence,' or 'email prospecting.' Also use when they share an email draft that sounds too sales-y and needs to be humanized. Distinct from email-sequence (lifecycle/nurture to opted-in subscribers) — this is unsolicited outreach to new prospects. NOT for lifecycle emails, newsletters, or drip campaigns (use email-sequence).
marketing-and-growth/cs-copywriting	marketing-and-growth	copywriting	When the user wants to write, rewrite, or improve marketing copy for any page — including homepage, landing pages, pricing pages, feature pages, about pages, or product pages. Also use when the user says \"write copy for,\" \"improve this copy,\" \"rewrite this page,\" \"marketing copy,\" \"headline help,\" or \"CTA copy.\" For email copy, see email-sequence. For popup copy, see popup-cro.
marketing-and-growth/cs-pricing-strategy	marketing-and-growth	pricing-strategy	Design, optimize, and communicate SaaS pricing — tier structure, value metrics, pricing pages, and price increase strategy. Use when building a pricing model from scratch, redesigning existing pricing, planning a price increase, or improving a pricing page. Trigger keywords: pricing tiers, pricing page, price increase, packaging, value metric, per seat pricing, usage-based pricing, freemium, good-better-best, pricing strategy, monetization, pricing page conversion, Van Westendorp. NOT for broader product strategy — use product-strategist for that. NOT for customer success or renewals — use customer-success-manager for expansion revenue.
marketing-and-growth/cs-seo-audit	marketing-and-growth	seo-audit	When the user wants to audit, review, or diagnose SEO issues on their site. Also use when the user mentions "SEO audit," "technical SEO," "why am I not ranking," "SEO issues," "on-page SEO," "meta tags review," or "SEO health check." For building pages at scale to target keywords, see programmatic-seo. For adding structured data, see schema-markup.
marketing-and-growth/cs-social-media-manager	marketing-and-growth	social-media-manager	When the user wants to develop social media strategy, plan content calendars, manage community engagement, or grow their social presence across platforms. Also use when the user mentions 'social media strategy,' 'social calendar,' 'community management,' 'social media plan,' 'grow followers,' 'engagement rate,' 'social media audit,' or 'which platforms should I use.' For writing individual social posts, see social-content. For analyzing social performance data, see social-media-analyzer.
marketing-and-growth/email-sequence	marketing-and-growth	email-sequence	When the user wants to create or optimize an email sequence, drip campaign, automated email flow, or lifecycle email program. Also use when the user mentions "email sequence," "drip campaign," "nurture sequence," "onboarding emails," "welcome sequence," "re-engagement emails," "email automation," or "lifecycle emails." For in-app onboarding, see onboarding-cro.
marketing-and-growth/launch-strategy	marketing-and-growth	launch-strategy	When the user wants to plan a product launch, feature announcement, or release strategy. Also use when the user mentions 'launch,' 'Product Hunt,' 'feature release,' 'announcement,' 'go-to-market,' 'beta launch,' 'early access,' 'waitlist,' 'product update,' 'GTM plan,' 'launch checklist,' or 'launch momentum.' This skill covers phased launches, channel strategy, and ongoing launch momentum.
marketing-and-growth/marketing-context	marketing-and-growth	marketing-context	Create and maintain the marketing context document that all marketing skills read before starting. Use when the user mentions 'marketing context,' 'brand voice,' 'set up context,' 'target audience,' 'ICP,' 'style guide,' 'who is my customer,' 'positioning,' or wants to avoid repeating foundational information across marketing tasks. Run this at the start of any new project before using other marketing skills.
marketing-and-growth/marketing-demand-acquisition	marketing-and-growth	marketing-demand-acquisition	Creates demand generation campaigns, optimizes paid ad spend across LinkedIn, Google, and Meta, develops SEO strategies, and structures partnership programs for Series A+ startups scaling internationally. Use when planning marketing strategy, growth marketing, advertising campaigns, PPC optimization, lead generation, pipeline generation, or startup marketing budgets. Covers multi-channel acquisition (Google Ads, LinkedIn Ads, Meta Ads), CAC analysis, MQL/SQL workflows, attribution modeling, technical SEO, and co-marketing partnerships for hybrid PLG/Sales-Led motions in EU/US/Canada markets.
marketing-and-growth/marketing-ops	marketing-and-growth	marketing-ops	Central router for the marketing skill ecosystem. Use when unsure which marketing skill to use, when orchestrating a multi-skill campaign, or when coordinating across content, SEO, CRO, channels, and analytics. Also use when the user mentions 'marketing help,' 'campaign plan,' 'what should I do next,' 'marketing priorities,' or 'coordinate marketing.'
marketing-and-growth/marketing-psychology	marketing-and-growth	marketing-psychology	When the user wants to apply psychological principles, mental models, or behavioral science to marketing. Also use when the user mentions 'psychology,' 'mental models,' 'cognitive bias,' 'persuasion,' 'behavioral science,' 'why people buy,' 'decision-making,' or 'consumer behavior.' This skill provides 70+ mental models organized for marketing application.
marketing-and-growth/marketing-strategy-pmm	marketing-and-growth	marketing-strategy-pmm	Product marketing skill for positioning, GTM strategy, competitive intelligence, and product launches. Use when the user asks about product positioning, go-to-market planning, competitive analysis, target audience definition, ICP definition, market research, launch plans, or sales enablement. Covers April Dunford positioning, ICP definition, competitive battlecards, launch playbooks, and international market entry. Produces deliverables including positioning statements, battlecard documents, launch plans, and go-to-market strategies.
marketing-and-growth/onboarding-cro	marketing-and-growth	onboarding-cro	When the user wants to optimize post-signup onboarding, user activation, first-run experience, or time-to-value. Also use when the user mentions "onboarding flow," "activation rate," "user activation," "first-run experience," "empty states," "onboarding checklist," "aha moment," or "new user experience." For signup/registration optimization, see signup-flow-cro. For ongoing email sequences, see email-sequence.
marketing-and-growth/page-cro	marketing-and-growth	page-cro	When the user wants to optimize, improve, or increase conversions on any marketing page — including homepage, landing pages, pricing pages, feature pages, or blog posts. Also use when the user says "CRO," "conversion rate optimization," "this page isn't converting," "improve conversions," or "why isn't this page working." For signup/registration flows, see signup-flow-cro. For post-signup activation, see onboarding-cro. For forms outside of signup, see form-cro. For popups/modals, see popup-cro.
marketing-and-growth/paid-ads	marketing-and-growth	paid-ads	When the user wants help with paid advertising campaigns on Google Ads, Meta (Facebook/Instagram), LinkedIn, Twitter/X, or other ad platforms. Also use when the user mentions 'PPC,' 'paid media,' 'ad copy,' 'ad creative,' 'ROAS,' 'CPA,' 'ad campaign,' 'retargeting,' or 'audience targeting.' This skill covers campaign strategy, ad creation, audience targeting, and optimization.
marketing-and-growth/programmatic-seo	marketing-and-growth	programmatic-seo	When the user wants to create SEO-driven pages at scale using templates and data. Also use when the user mentions "programmatic SEO," "template pages," "pages at scale," "directory pages," "location pages," "[keyword] + [city] pages," "comparison pages," "integration pages," or "building many pages for SEO." For auditing existing SEO issues, see seo-audit.
marketing-and-growth/signup-flow-cro	marketing-and-growth	signup-flow-cro	When the user wants to optimize signup, registration, account creation, or trial activation flows. Also use when the user mentions "signup conversions," "registration friction," "signup form optimization," "free trial signup," "reduce signup dropoff," or "account creation flow." For post-signup onboarding, see onboarding-cro. For lead capture forms (not account creation), see form-cro.
marketing-and-growth/x-twitter-growth	marketing-and-growth	x-twitter-growth	X/Twitter growth engine for building audience, crafting viral content, and analyzing engagement. Use when the user wants to grow on X/Twitter, write tweets or threads, analyze their X profile, research competitors on X, plan a posting strategy, or optimize engagement. Complements social-content (generic multi-platform) with X-specific depth: algorithm mechanics, thread engineering, reply strategy, profile optimization, and competitive intelligence via web search.
product-management/agile-product-owner	product-management	agile-product-owner	Agile product ownership for backlog management and sprint execution. Covers user story writing, acceptance criteria, sprint planning, and velocity tracking. Use for writing user stories, creating acceptance criteria, planning sprints, estimating story points, breaking down epics, or prioritizing backlog.
product-management/experiment-designer	product-management	experiment-designer	Use when planning, designing, or interpreting any A/B test, split test, multivariate test, or controlled experiment — for products, features, marketing pages, signup flows, pricing, or copy variants. Covers hypothesis writing, sample-size estimation, ICE prioritization, traffic allocation, statistical-significance analysis, guardrail metrics, and the peeking problem. Triggers on: "A/B test", "split test", "experiment", "test this change", "variant copy", "multivariate test", "hypothesis", "conversion experiment", "statistical significance", "minimum detectable effect", "sample size".
product-management/growth-pm-plg	product-management	growth-pm-plg	Use when the user asks about Product-Led Growth (PLG), viral loops, user retention, AARRR funnel optimization, or growth hacking. Triggers on keywords PLG, growth hacking, viral loop, AARRR, retention, monetization.
product-management/product-analytics	product-management	product-analytics	Use when defining product KPIs, building metric dashboards, running cohort or retention analysis, or interpreting feature adoption trends across product stages.
product-management/product-discovery	product-management	product-discovery	Use when validating product opportunities, mapping assumptions, planning discovery sprints, or testing problem-solution fit before committing delivery resources.
product-management/product-manager-toolkit	product-management	product-manager-toolkit	Comprehensive toolkit for product managers including RICE prioritization, customer interview analysis, PRD templates, discovery frameworks, and go-to-market strategies. Use for feature prioritization, user research synthesis, requirement documentation, and product strategy development.
product-management/product-strategist	product-management	product-strategist	Strategic product leadership toolkit for Head of Product covering OKR cascade generation, quarterly planning, competitive landscape analysis, product vision documents, and team scaling proposals. Use when creating quarterly OKR documents, defining product goals or KPIs, building product roadmaps, running competitive analysis, drafting team structure or hiring plans, aligning product strategy across engineering and design, or generating cascaded goal hierarchies from company to team level.
product-management/roadmap-communicator	product-management	roadmap-communicator	Use when preparing roadmap narratives, release notes, changelogs, or stakeholder updates tailored for executives, engineering teams, and customers.
product-management/scrum-master	product-management	scrum-master	Advanced Scrum Master skill for data-driven agile team analysis and coaching. Use when the user asks about sprint planning, velocity tracking, retrospectives, standup facilitation, backlog grooming, story points, burndown charts, blocker resolution, or agile team health. Runs Python scripts to analyse sprint JSON exports from Jira or similar tools: velocity_analyzer.py for Monte Carlo sprint forecasting, sprint_health_scorer.py for multi-dimension health scoring, and retrospective_analyzer.py for action-item and theme tracking. Produces confidence-interval forecasts, health grade reports, and improvement-velocity trends for high-performing Scrum teams.
product-management/ux-researcher-designer	product-management	ux-researcher-designer	UX research and design toolkit for Senior UX Designer/Researcher including data-driven persona generation, journey mapping, usability testing frameworks, and research synthesis. Use for user research, persona creation, journey mapping, and design validation.
skill-authoring/skill-creator	skill-authoring	skill-creator	Create new skills, modify and improve existing skills, and measure skill performance. Use when users want to create a skill from scratch, edit, or optimize an existing skill, run evals to test a skill, benchmark skill performance with variance analysis, or optimize a skill's description for better triggering accuracy.
skill-authoring/writing-skills	skill-authoring	writing-skills	Use when creating new skills, editing existing skills, or verifying skills work before deployment
